Timestamp,Score,How satisfied are you with the teaching quality and faculty interaction in your academic courses?,How manageable do you find your academic workload?,How confident are you about your academic performance and preparation for exams?,How satisfied are you with the support provided by faculty for academic and career growth?,How confident are you in the college’s placement process and support in securing job opportunities?,"How satisfied are you with the campus facilities (classrooms, libraries, labs, etc.)?","How do you rate the quality of campus infrastructure (hostels, classrooms, labs, etc.)?",How well-maintained do you find the campus facilities?,How satisfied are you with the availability of technology and resources for academic work?,How do you rate the cleanliness and maintenance of campus facilities? ,How satisfied are you with your social life and interactions with friends during your time at college?,How often do you engage in social media as part of your daily routine at college?,How well do you feel integrated into the college’s social environment?,"How would you rate your overall happiness with the college’s social opportunities (events, friendships, community)?",How confident are you about your career prospects after graduation?, How well do you feel that your experience at IIIT Allahabad is preparing you for the future?,"How do you rate the quality of campus infrastructure (hostels, classrooms, labs, etc.)?.1",How would you rate your overall mental health during your time at college?,How accessible and helpful are the mental health resources provided by the college?,"How satisfied are you with the physical health resources available (gyms, health centers, etc.)?",How often do you engage in physical activities or exercise as part of your daily routine?,"How often do you participate in extracurricular activities (clubs, sports, cultural events, etc.)?",How do you feel extracurricular activities contribute to your overall college experience?,How well do you think the college supports students in pursuing extracurricular interests?,How often do you feel stressed or overwhelmed by the demands of college life?,How satisfied are you with the variety and availability of extracurricular activities at the college?,How well do you feel informed about managing personal finances while at college?,"How manageable do you find your financial situation, considering tuition fees, living expenses, and other costs?","How satisfied are you with the financial support options available to students (scholarships, loans, etc.)?", How much do financial concerns affect your ability to focus on academic and extracurricular activities?,How satisfied are you with the financial resources available to you for maintaining a comfortable lifestyle?,To what extent do you feel your financial situation impacts your overall happiness?,"How supported do you feel by friends, family, or peers within the institute?",To what extent do you believe social support within the institute contributes to your happiness?,How would you rate your satisfaction with your current physical health?,To what extent do you think maintaining good physical health contributes to your happiness?,How satisfied are you with the freedom you have to make decisions about your academic and personal life?,How accessible and helpful are the mental health resources provided by the college?,How often do you engage in acts of kindness or generosity towards others?,To what extent do you think acts of generosity contribute to your happiness?,How often do you feel that fairness is maintained in your academic and social environment?,To what extent does a fair and corruption-free environment affect your overall happiness?
9/24/2024 23:26:33,,6,6,6,6,6,6,6,6,6,6,6,6,6,6,6,6,6,6,6,6,6,6,6,6,6,6,6,6,6,6,1,1,1,1,6,6,1,6,1,1,4,1
9/24/2024 23:26:55,,6,4,5,5,4,7,6,6,7,7,4,10,4,4,5,5,5,4,4,6,4,2,3,6,4,6,4,6,5,4,1,1,1,1,4,6,6,1,1,1,1,1
9/24/2024 23:27:56,,3,3,3,5,7,8,8,8,7,9,6,10,10,6,4,5,5,4,2,6,9,7,8,8,9,7,6,5,4,6,1,5,1,1,4,7,1,1,1,1,1,6
9/24/2024 23:28:19,,3,1,3,2,4,4,8,8,6,9,2,8,5,4,8,8,8,1,1,2,7,7,3,1,1,1,2,3,5,5,1,6,1,1,1,1,1,1,1,1,1,1
9/24/2024 23:29:25,,2,1,2,2,1,2,2,1,1,2,2,10,2,5,1,1,2,1,1,2,2,2,2,1,1,1,1,1,1,1,1,1,1,1,1,1,1,8,1,10,1,1
9/24/2024 23:29:34,,6,3,7,6,7,7,8,5,6,7,9,7,7,7,7,7,8,4,3,6,6,2,4,4,8,5,2,4,3,7,1,1,1,1,4,5,1,1,1,1,1,1
9/24/2024 23:30:00,,1,1,1,1,5,3,6,5,1,4,4,1,3,1,7,7,3,1,1,6,1,1,6,4,1,2,2,1,8,1,1,1,1,1,1,2,8,1,1,1,1,1
9/24/2024 23:30:06,,6,7,7,6,8,3,1,2,1,4,8,7,8,5,5,6,1,7,7,6,1,1,7,5,3,1,3,5,3,5,1,8,1,1,7,1,1,10,1,1,1,1
9/24/2024 23:30:42,,1,1,1,1,10,1,1,1,1,1,10,10,10,1,1,1,1,1,1,1,1,1,1,1,1,1,1,1,1,1,1,6,1,1,1,1,1,1,1,1,1,4
9/24/2024 23:30:51,,7,6,5,6,8,9,8,8,7,9,8,7,8,8,7,8,8,6,6,7,6,6,8,4,5,5,4,7,8,3,1,1,1,1,6,5,7,1,1,1,1,1
9/24/2024 23:31:27,,1,8,4,1,4,1,1,1,1,1,8,2,5,2,4,1,1,1,1,1,6,4,3,1,1,1,1,8,5,5,6,1,1,1,1,1,1,1,5,1,1,6
9/24/2024 23:31:33,,7,5,7,7,5,5,3,4,4,5,10,7,5,7,5,7,4,5,7,3,1,1,1,3,3,5,8,8,5,1,1,1,1,1,5,5,1,1,8,1,1,8
9/24/2024 23:31:44,,4,7,1,5,9,8,8,7,8,9,4,5,4,5,8,8,8,6,3,9,1,1,1,3,6,7,4,4,8,7,1,1,5,1,6,7,1,2,1,10,1,1
9/24/2024 23:31:49,,1,2,1,1,1,2,5,5,5,3,6,7,2,6,3,3,7,2,3,1,7,5,7,3,4,4,2,4,4,4,1,1,1,1,2,4,1,1,1,1,1,6
9/24/2024 23:32:50,,5,2,7,2,9,8,7,6,6,1,9,9,8,8,8,7,7,4,1,6,2,6,9,3,2,7,1,6,4,4,1,1,1,1,4,7,1,1,1,1,1,4
9/24/2024 23:32:52,,5,10,7,3,7,8,7,7,7,8,9,8,8,6,10,8,8,6,7,3,4,6,6,6,8,5,6,6,6,7,7,1,1,1,6,5,1,1,1,9,1,1
9/24/2024 23:34:37,,5,6,7,1,5,1,5,4,5,4,6,6,5,4,7,5,4,4,1,4,7,1,3,4,4,5,5,5,4,7,1,1,10,1,4,5,1,1,1,7,1,1
9/24/2024 23:34:49,,7,7,7,6,7,7,7,6,7,7,8,8,8,8,9,8,7,7,6,6,5,4,7,6,7,7,7,6,5,6,6,1,1,1,7,7,1,1,1,1,4,1
9/24/2024 23:35:53,,5,3,7,1,6,6,5,5,5,6,7,4,8,7,8,7,6,5,4,5,5,1,5,5,6,5,4,4,10,4,8,1,1,1,5,5,9,1,1,1,3,6
9/24/2024 23:36:24,,1,1,1,1,7,10,5,7,3,5,9,10,3,3,2,1,5,1,1,8,1,1,1,6,10,5,1,9,10,1,1,1,1,1,1,5,1,1,1,1,1,1
9/24/2024 23:37:14,,1,1,1,5,8,4,1,1,1,10,8,9,6,5,7,10,4,2,5,1,10,1,10,4,10,1,10,10,10,1,1,1,1,1,2,1,1,1,1,1,9,4
9/24/2024 23:39:55,,1,1,1,1,1,1,1,1,1,1,1,10,1,1,1,1,1,1,1,1,1,1,1,1,10,1,1,1,1,10,1,1,1,1,1,1,1,1,1,1,1,7
9/24/2024 23:40:54,,5,1,10,3,10,2,3,6,1,5,8,1,7,2,9,1,7,1,1,1,1,5,7,1,6,7,3,10,4,7,1,1,1,1,1,7,1,1,1,1,1,1
9/24/2024 23:41:16,,7,7,5,5,6,8,7,7,8,9,9,6,8,8,8,7,7,7,5,2,2,8,7,6,7,7,5,6,6,7,1,10,10,1,7,7,2,1,1,1,1,1
9/24/2024 23:41:23,,3,7,7,3,3,8,8,8,7,6,7,8,6,5,7,3,7,7,2,4,8,7,7,2,5,2,3,8,2,1,5,1,1,1,7,2,10,1,1,1,1,1
9/24/2024 23:41:32,,4,7,9,4,10,9,9,9,8,8,7,7,8,7,8,9,8,6,1,7,8,8,8,6,10,6,8,8,5,4,1,1,1,1,6,6,9,1,3,1,1,1
9/24/2024 23:42:05,,3,7,8,3,1,4,3,4,7,7,7,6,6,7,9,7,6,7,3,5,4,3,8,3,6,5,7,5,7,2,1,3,1,1,7,5,1,1,1,1,9,3
9/24/2024 23:42:55,,7,9,3,5,9,5,7,8,9,3,6,6,9,6,8,10,7,8,9,6,4,3,5,7,2,6,3,4,3,9,1,1,7,1,8,6,10,1,1,1,1,1
9/24/2024 23:46:30,,1,1,1,1,2,5,5,5,2,1,1,1,4,1,1,1,1,1,1,2,1,2,8,1,10,1,2,2,5,5,8,1,1,1,1,1,1,1,1,1,1,1
9/24/2024 23:52:46,,8,9,9,8,10,10,10,10,10,10,10,8,10,10,9,10,10,10,10,10,8,10,10,10,3,10,8,9,7,1,1,10,8,1,10,10,1,10,1,1,1,1
9/24/2024 23:53:52,,4,2,5,5,4,8,9,7,9,7,5,9,3,3,7,8,8,5,4,8,9,1,4,4,10,6,6,5,5,5,1,1,1,1,5,6,1,1,1,1,1,1
9/24/2024 23:53:53,,8,7,7,7,7,4,4,4,6,4,6,7,6,7,7,6,4,7,4,4,6,8,8,6,7,4,6,7,6,3,1,1,1,1,7,4,1,2,1,1,1,1
9/24/2024 23:55:18,,7,6,8,2,6,8,3,1,9,2,5,9,2,7,8,7,5,6,1,6,8,3,2,1,6,3,3,5,6,4,5,1,1,1,6,3,1,1,1,1,1,1
9/24/2024 23:57:58,,2,5,4,4,8,2,1,1,5,2,7,6,6,6,5,5,1,7,6,1,9,6,6,2,6,3,4,3,7,6,1,1,1,1,7,3,1,3,1,1,1,7
9/25/2024 0:00:01,,2,1,4,1,2,2,1,3,1,1,5,6,1,1,3,1,1,1,1,2,1,1,1,1,1,1,1,5,1,1,6,1,1,1,1,1,1,4,2,1,1,1
9/25/2024 0:00:07,,6,5,6,2,8,6,3,3,7,2,8,9,8,7,8,7,3,7,1,6,4,8,8,3,7,6,5,10,5,4,1,1,7,1,7,6,1,5,1,9,1,1
9/25/2024 0:00:20,,4,4,6,4,7,9,7,7,8,9,7,8,6,7,6,6,7,6,4,4,3,5,5,6,7,6,7,8,3,4,1,1,1,3,6,6,6,1,4,9,1,1
9/25/2024 0:00:53,,6,6,6,5,5,5,5,5,5,5,5,4,3,6,8,8,7,6,4,5,6,6,5,5,3,4,4,5,6,5,1,1,1,1,6,4,1,1,1,1,1,1
9/25/2024 0:07:01,,4,3,7,4,5,7,8,6,7,5,8,5,4,7,8,5,7,6,1,3,4,6,7,5,4,4,9,3,7,8,1,10,1,1,6,4,1,1,1,1,1,1
9/25/2024 0:10:42,,8,8,7,9,9,10,9,8,8,8,9,8,8,8,9,9,8,8,7,8,9,7,9,8,8,9,9,8,10,5,1,1,9,1,8,9,1,1,1,1,1,1
9/25/2024 0:11:06,,1,4,5,1,5,7,7,7,7,7,7,8,3,3,7,7,5,3,2,1,1,1,1,6,5,1,1,1,5,5,1,1,1,3,3,1,3,1,1,1,1,1
9/25/2024 0:17:46,,3,4,5,2,6,2,3,2,6,3,1,4,2,4,8,6,2,5,3,4,1,2,1,1,10,1,3,2,4,8,1,1,1,1,5,1,1,1,1,1,1,1
9/25/2024 0:30:25,,7,5,6,7,7,8,8,9,8,10,10,8,8,9,8,8,9,7,7,6,6,5,8,5,5,5,7,5,6,7,1,6,1,1,7,5,1,1,1,1,1,8
9/25/2024 0:30:41,,3,3,3,1,4,1,1,1,7,1,10,8,10,10,4,4,1,5,1,1,4,8,10,1,6,5,1,1,5,10,1,1,1,10,5,5,1,2,1,1,1,1
9/25/2024 0:31:03,,6,8,10,6,6,2,6,3,5,6,9,8,6,7,8,8,7,9,4,3,5,6,8,4,6,6,5,7,9,6,1,1,1,1,9,6,1,1,1,1,1,4
9/25/2024 0:32:52,,1,1,1,1,1,1,1,1,1,1,1,1,1,1,1,1,1,1,1,1,1,1,1,1,1,1,1,1,1,1,1,1,1,4,1,1,1,1,5,1,2,1
9/25/2024 0:33:55,,10,10,10,10,10,10,10,10,10,10,10,10,10,10,10,10,10,10,10,10,10,10,10,10,10,10,10,10,10,10,1,1,1,1,10,10,1,1,8,1,1,1
9/25/2024 0:35:51,,7,5,7,3,3,5,5,5,7,6,8,9,6,5,6,7,6,2,4,4,7,8,8,2,9,6,8,8,8,4,9,1,1,1,2,6,1,1,1,1,1,6
9/25/2024 0:37:02,,8,10,7,10,5,7,5,6,7,6,8,8,7,7,7,7,7,8,6,6,6,7,7,6,8,7,4,7,1,4,1,1,1,1,8,7,1,9,1,1,1,1
9/25/2024 0:38:28,,1,1,1,1,10,8,8,6,8,8,8,10,5,8,9,8,8,7,5,8,1,1,4,7,7,7,1,7,1,1,1,8,1,4,7,7,1,4,1,1,1,1
9/25/2024 0:38:51,,10,10,10,10,10,10,10,10,10,10,10,10,10,10,10,10,10,10,10,10,10,10,10,2,4,3,5,5,4,5,1,1,2,1,10,3,1,1,5,1,1,1
9/25/2024 0:39:40,,1,4,2,1,2,4,1,3,3,3,7,8,6,2,5,2,1,1,1,1,3,5,2,3,10,2,3,4,2,2,4,1,1,1,1,2,1,1,1,1,1,1
9/25/2024 0:40:40,,5,7,7,2,7,8,2,3,3,6,3,7,1,1,6,6,2,5,1,2,7,1,8,1,10,1,8,3,1,7,7,1,1,1,5,1,1,1,2,1,1,1
9/25/2024 0:41:45,,8,9,9,8,9,9,8,8,8,8,10,9,8,10,8,9,9,8,9,8,8,8,9,9,9,9,9,9,9,9,1,1,1,1,8,9,1,1,1,1,1,1
9/25/2024 0:44:19,,7,5,4,4,5,6,8,5,4,6,6,8,6,4,5,8,7,4,7,3,7,3,8,2,7,7,3,4,4,2,1,1,1,1,4,7,1,5,8,1,1,1
9/25/2024 0:44:59,,5,4,10,7,10,10,6,8,10,10,9,7,7,10,8,8,7,8,10,10,9,9,8,2,5,9,8,3,7,6,1,1,1,1,8,9,1,1,2,1,1,1
9/25/2024 0:50:14,,2,4,1,1,1,7,8,5,3,4,9,10,5,7,10,10,5,6,5,5,8,7,8,10,10,7,6,6,6,2,1,1,1,1,6,7,1,1,1,1,4,1
9/25/2024 0:51:44,,1,10,10,1,1,1,3,1,3,3,5,10,10,10,10,10,6,10,1,1,10,1,1,1,10,1,10,10,10,1,1,1,1,1,10,1,1,8,1,1,1,1
9/25/2024 0:52:01,,6,6,7,5,5,8,9,8,7,8,7,6,8,8,8,8,8,7,3,2,5,5,8,6,7,6,5,6,5,3,7,1,1,1,7,6,1,1,1,5,1,1
9/25/2024 0:52:50,,7,6,8,7,8,5,7,7,7,6,7,6,7,5,6,7,8,5,7,8,7,6,7,6,5,8,5,7,5,3,1,1,1,1,5,8,1,7,7,9,1,1
9/25/2024 0:57:18,,3,6,3,1,3,1,1,1,1,3,5,9,2,1,1,5,1,1,1,1,1,1,1,1,10,1,2,3,1,6,1,1,8,1,1,1,1,1,9,1,1,8
9/25/2024 1:12:33,,5,1,4,4,4,7,4,7,7,7,7,7,7,5,6,8,7,3,3,5,4,5,7,1,9,6,4,6,8,8,1,1,1,1,3,6,1,1,1,4,1,1
9/25/2024 1:20:31,,9,9,10,9,9,9,9,8,8,8,8,8,8,8,9,8,8,8,8,8,8,8,8,8,8,8,8,8,8,8,1,1,1,1,8,8,1,1,1,5,9,1
9/25/2024 1:29:53,,9,9,10,2,9,5,3,3,5,1,9,1,8,8,10,9,4,9,7,8,2,1,5,6,7,1,7,8,8,5,1,1,1,1,9,1,9,8,1,3,1,1
9/25/2024 1:33:48,,8,8,8,6,8,8,7,3,5,4,9,9,9,8,8,8,7,8,4,5,9,9,9,4,5,3,6,7,6,8,1,1,1,1,8,3,1,1,1,1,4,1
9/25/2024 1:44:36,,1,5,1,3,3,4,4,8,7,10,4,10,1,4,3,1,4,3,3,2,1,1,6,5,6,5,4,2,8,5,1,1,1,1,3,5,9,1,1,1,1,9
9/25/2024 2:04:35,,3,3,5,4,4,5,5,5,7,4,4,4,2,2,3,5,2,4,8,8,3,1,4,4,8,4,2,4,3,8,9,1,10,1,4,4,1,1,9,1,1,1
9/25/2024 2:11:45,,3,3,3,3,3,3,3,3,3,3,3,3,3,3,3,3,3,3,3,3,3,3,3,3,3,3,3,3,3,1,1,1,1,1,3,3,1,1,6,1,1,1
9/25/2024 2:16:51,,3,7,3,6,8,7,4,3,3,6,8,2,6,7,7,7,3,6,2,4,5,2,6,4,6,3,6,5,4,5,1,3,1,1,6,3,1,1,1,1,2,1
9/25/2024 2:21:12,,7,7,8,7,8,7,8,4,8,5,7,4,4,5,5,6,3,5,5,6,8,5,5,4,7,7,4,5,5,5,1,3,1,1,5,7,1,1,1,10,10,1
9/25/2024 2:21:20,,5,7,3,4,6,7,8,8,8,5,5,7,6,6,7,7,6,4,4,3,4,4,6,6,5,5,6,7,5,4,1,1,1,1,4,5,10,1,1,1,1,1
9/25/2024 2:36:07,,7,8,8,7,7,9,9,9,8,9,6,5,7,7,8,8,9,6,7,9,9,7,7,8,4,9,7,9,7,8,1,1,1,1,6,9,1,2,4,1,1,1
9/25/2024 2:38:15,,7,2,8,5,3,9,9,7,10,10,10,3,5,7,6,10,8,7,6,5,4,1,3,1,4,3,10,10,10,1,1,4,1,1,7,3,1,1,6,1,1,1
9/25/2024 2:40:42,,8,6,6,8,7,8,6,5,8,7,7,8,5,8,7,6,8,8,7,6,9,5,6,6,7,5,6,6,6,8,1,1,3,1,8,5,1,1,1,1,1,1
9/25/2024 5:04:35,,1,2,7,1,1,1,1,1,1,2,5,10,5,2,6,1,1,1,1,1,3,5,5,1,10,1,8,8,5,1,1,1,1,1,1,1,1,1,1,1,1,1
9/25/2024 6:08:47,,3,6,5,3,6,6,8,5,9,8,4,5,5,3,10,10,8,7,3,3,4,1,8,2,8,3,7,7,1,9,1,1,1,1,7,3,1,1,1,1,1,8
9/25/2024 6:19:40,,6,4,3,7,7,9,7,7,9,8,4,5,4,3,8,8,8,7,2,7,6,3,5,8,8,5,1,1,1,8,1,1,1,1,7,5,10,1,1,1,1,1
9/25/2024 6:37:15,,7,7,10,3,9,6,2,1,1,1,10,10,8,8,10,7,5,7,6,4,10,10,10,1,5,5,6,10,3,1,1,1,1,2,7,5,1,1,1,1,1,1
9/25/2024 6:41:50,,8,7,8,8,8,7,6,8,8,8,9,9,8,8,8,8,7,7,7,7,8,9,8,8,8,8,8,6,6,8,1,1,9,1,7,8,1,1,1,1,1,1
9/25/2024 6:41:56,,8,6,6,8,8,8,8,8,7,8,7,6,7,7,6,8,7,5,8,7,3,7,6,6,10,7,9,8,8,5,1,1,1,1,5,7,8,1,1,1,1,1
9/25/2024 7:39:42,,8,7,7,5,5,5,6,4,7,4,7,7,7,7,8,8,5,7,5,8,8,7,8,6,7,5,5,5,9,7,2,1,10,1,7,5,1,1,1,7,7,2
9/25/2024 8:09:28,,8,8,7,7,9,8,8,8,8,8,8,7,9,10,8,9,7,9,9,7,7,7,7,8,9,9,8,7,8,8,1,1,1,1,9,9,1,1,1,10,1,1
9/25/2024 8:33:02,,7,6,8,7,8,8,7,7,7,7,7,5,7,7,8,7,7,8,6,7,8,8,8,7,7,7,6,6,7,5,1,7,1,1,8,7,1,1,1,10,1,1
9/25/2024 8:59:26,,6,5,6,7,8,6,4,5,7,5,6,10,6,6,8,9,6,7,6,7,3,3,6,6,5,6,8,8,6,10,7,1,1,1,7,6,1,5,1,1,1,1
9/25/2024 9:12:42,,7,6,8,4,8,5,3,3,3,4,4,8,6,7,8,8,7,7,7,7,7,7,7,7,7,7,7,7,7,7,1,1,1,1,7,7,1,1,1,1,1,1
9/25/2024 9:24:59,,4,2,3,2,5,5,3,4,5,2,1,6,2,2,5,2,1,2,7,2,2,2,1,2,2,2,2,1,1,2,1,7,6,1,2,2,1,1,2,1,1,1
9/25/2024 9:33:19,,4,6,3,5,1,5,5,5,2,5,1,1,1,1,5,1,5,3,1,1,1,1,10,1,8,1,6,5,5,5,5,1,1,1,3,1,1,1,1,1,1,1
9/25/2024 9:33:36,,6,3,6,6,4,3,5,5,5,7,7,6,5,5,4,5,5,3,5,5,2,8,7,1,4,5,3,3,2,1,1,1,1,2,3,5,9,1,10,6,1,10
9/25/2024 10:03:35,,5,5,4,4,6,6,6,6,6,7,9,9,8,7,7,7,5,7,1,6,3,7,9,6,2,6,6,3,5,5,1,1,1,1,7,6,1,10,1,1,1,1
9/25/2024 10:04:10,,1,1,1,1,5,1,1,1,1,1,1,1,1,1,1,1,1,1,1,1,1,1,1,1,1,2,1,1,1,1,1,1,2,8,1,2,1,1,2,1,1,5
9/25/2024 10:04:29,,2,7,5,3,6,8,7,3,6,4,4,5,5,3,3,3,3,3,4,4,3,3,3,4,4,5,5,8,7,6,4,5,1,1,3,5,1,1,1,1,1,1
9/25/2024 10:05:00,,1,1,1,1,1,1,1,1,1,1,1,1,1,1,1,1,1,1,1,10,1,8,3,1,1,1,1,1,1,1,1,1,1,1,1,1,1,1,1,1,1,1
9/25/2024 10:05:05,,2,8,9,7,10,6,3,7,6,9,7,9,8,7,9,10,2,10,10,8,9,8,8,4,2,4,10,9,10,7,1,9,9,1,10,4,1,1,7,1,1,1
9/25/2024 10:06:10,,1,1,1,1,1,1,1,1,1,1,1,1,1,1,1,1,1,1,1,1,1,1,1,1,1,1,1,1,1,1,1,5,1,1,1,1,1,8,1,9,7,1
9/25/2024 11:08:21,,7,10,9,10,9,8,5,7,9,8,6,3,4,6,10,9,5,6,4,6,9,7,9,8,8,7,7,8,9,3,5,1,1,1,6,7,1,1,1,1,1,6
9/25/2024 11:29:06,,5,8,4,5,5,6,8,7,5,10,3,10,4,5,10,8,5,8,6,9,5,10,10,8,7,6,8,9,10,10,1,1,1,1,8,6,7,1,1,1,1,1
9/25/2024 11:48:29,,1,1,1,1,1,1,1,1,1,3,4,10,2,2,1,1,1,1,1,1,2,1,1,1,1,1,1,1,1,1,1,1,1,1,1,1,1,5,1,1,1,1
9/25/2024 11:58:49,,10,10,10,10,10,10,5,5,5,6,8,6,8,10,10,7,8,6,5,5,7,5,4,4,6,7,7,7,5,4,1,6,1,1,6,7,1,8,1,1,1,1
9/25/2024 12:00:32,,1,1,1,1,1,1,4,3,5,4,7,10,7,9,1,1,5,6,1,2,4,3,8,7,1,3,5,1,3,5,1,1,1,1,6,3,1,3,3,6,9,1
9/25/2024 14:32:06,,4,8,7,2,7,10,2,4,7,1,10,2,7,7,6,7,4,7,5,9,8,8,5,5,7,8,3,3,6,6,7,1,1,10,7,8,1,1,1,1,1,1
9/25/2024 14:51:15,,1,1,1,1,4,3,2,3,4,4,5,8,1,1,1,2,3,1,1,4,3,1,1,1,9,6,5,4,2,2,1,1,1,1,1,6,1,1,1,1,1,8
9/25/2024 16:14:39,,4,4,8,5,8,9,9,8,8,8,5,5,7,7,8,8,8,7,5,7,7,5,6,6,6,7,7,7,7,6,1,1,1,3,7,7,1,1,1,1,4,1
9/25/2024 20:27:10,,6,4,7,5,3,1,2,4,4,7,6,8,4,3,7,5,6,5,1,3,8,4,5,2,3,4,6,7,6,6,1,1,1,2,5,4,1,1,1,1,1,4
9/26/2024 1:09:30,,1,1,1,1,1,5,1,2,1,9,8,10,7,1,1,10,8,1,1,3,10,10,4,1,10,1,1,6,1,5,9,1,1,1,1,1,1,1,1,1,1,1
9/26/2024 1:10:34,,6,4,4,4,4,8,3,7,4,5,4,1,1,1,1,1,1,9,9,9,9,9,9,9,9,9,9,9,8,9,1,1,5,4,9,9,1,1,7,5,1,1
9/26/2024 10:59:28,,5,3,3,5,6,3,4,6,6,6,4,8,5,5,6,9,4,5,2,3,7,5,4,7,9,5,10,5,8,8,1,1,1,5,5,5,1,1,1,4,1,1
9/28/2024 9:23:43,,6,5,7,7,10,8,9,6,9,8,6,5,7,5,9,8,8,3,3,7,8,7,6,7,2,4,7,5,9,5,1,1,1,1,3,4,5,1,1,1,1,1
9/24/2024 23:30:00,,4,5,5,5,7,7,8,6,6,6,4,5,3,2,10,5,4,4,6,5,5,6,4,2,4,4,2,6,5,4,9,1,9,1,4,4,1,1,1,1,1,2
9/24/2024 23:27:56,,3,10,7,5,6,2,5,4,6,4,5,2,5,8,8,3,4,8,4,2,6,6,4,6,2,4,8,3,5,6,1,1,1,1,8,4,1,1,1,1,7,1
9/24/2024 23:26:55,,5,7,8,5,5,5,5,2,3,3,3,6,4,6,4,6,2,3,5,9,7,3,1,2,5,3,5,6,4,7,1,1,1,1,3,3,1,1,7,1,1,3
9/24/2024 23:26:55,,8,7,7,5,5,2,3,5,6,5,7,10,7,6,7,6,5,6,1,5,2,5,6,5,7,4,1,1,1,1,1,1,1,1,6,4,1,1,1,1,6,1
9/24/2024 23:26:55,,1,2,10,9,5,6,7,6,7,5,1,1,3,10,7,2,6,5,8,2,4,2,9,2,1,3,4,7,8,6,1,1,1,1,5,3,1,1,1,6,7,1
9/24/2024 23:29:34,,3,8,9,4,4,2,3,10,3,7,8,8,5,3,3,3,8,7,7,7,6,6,3,4,2,9,1,10,3,10,1,1,1,1,7,9,1,1,2,1,7,1
9/24/2024 23:26:55,,5,10,1,1,1,1,1,1,1,1,1,1,1,1,1,1,1,1,1,1,1,1,1,1,1,1,1,1,1,10,1,4,6,1,1,1,7,1,1,1,1,1
9/24/2024 23:26:33,,9,6,6,9,5,8,8,1,5,4,5,6,6,8,7,7,5,1,9,10,7,9,9,9,10,6,1,2,4,3,1,1,1,8,1,6,1,1,1,1,1,1
9/24/2024 23:27:56,,1,4,2,1,3,5,7,9,9,10,10,2,8,4,8,3,4,9,10,7,5,5,6,6,7,6,3,2,6,6,1,1,1,1,9,6,1,1,1,1,7,1
9/24/2024 23:30:06,,4,3,1,1,4,6,5,5,5,5,5,5,5,5,5,5,5,5,5,5,5,5,5,5,5,5,5,5,5,5,1,4,1,1,5,5,1,1,1,1,1,10
9/24/2024 23:26:55,,5,5,5,5,5,5,5,5,5,5,5,5,5,5,5,5,5,5,5,5,5,5,5,5,5,5,5,5,5,5,1,1,8,1,5,5,1,8,1,1,1,1
9/24/2024 23:27:56,,4,7,8,5,9,2,3,3,3,4,5,6,5,7,10,9,5,5,6,8,5,7,6,6,6,7,7,7,6,7,1,1,1,1,5,7,1,1,1,1,1,1
9/24/2024 23:26:55,,2,4,,1,1,5,4,3,6,6,1,10,2,2,1,5,5,1,1,4,1,1,1,3,10,9,2,5,7,4,1,1,1,1,1,9,1,1,1,1,1,1
9/24/2024 23:29:34,,2,2,6,1,5,3,3,5,3,8,7,7,6,4,5,2,2,2,2,4,2,2,1,1,10,3,4,2,6,4,1,3,1,1,2,3,1,1,1,1,2,1
9/24/2024 23:29:34,,5,9,7,4,5,6,6,6,7,4,2,8,4,6,8,3,8,9,6,6,7,8,9,7,8,9,9,9,9,9,1,1,4,1,9,9,9,1,1,1,8,6
9/24/2024 23:26:55,,4,8,8,2,5,7,7,7,8,8,9,10,5,7,7,3,3,5,6,8,8,6,6,5,8,5,6,5,8,1,8,1,1,1,5,5,1,1,1,1,1,1
9/24/2024 23:31:49,,1,3,1,3,6,8,10,10,8,7,9,10,10,5,4,1,1,3,4,3,4,3,10,7,10,10,9,10,9,10,1,1,1,1,3,10,1,1,10,2,8,3
09/24/2024 21:14:52,,4,5,8,3,1,8,8,2,5,7,8,9,3,8,5,2,4,7,6,5,4,5,9,9,1,3,5,8,7,8,9,7,1,1,7,3,1,1,3,1,1,1
09/24/2024 07:44:49,,3,6,4,4,3,5,9,6,6,5,3,8,1,6,9,8,5,6,9,8,6,6,8,7,3,8,4,4,2,3,1,1,1,1,6,8,1,1,1,8,1,1
09/24/2024 20:19:42,,6,2,1,4,4,9,4,6,3,4,1,8,4,5,5,2,1,8,8,6,6,3,5,9,7,4,7,8,4,5,1,1,1,9,8,4,1,1,9,1,5,1
09/24/2024 01:57:06,,4,4,1,8,5,7,9,6,3,6,7,1,9,4,9,1,3,4,2,2,4,8,3,3,4,8,9,2,7,7,1,1,1,1,4,8,1,1,1,1,1,1
09/24/2024 20:57:10,,2,1,1,6,4,7,3,8,2,1,7,8,2,5,5,6,1,6,6,3,8,5,3,6,4,4,7,7,1,3,9,1,1,1,6,4,1,1,1,1,1,1
09/24/2024 08:59:02,,9,9,3,7,2,1,5,1,9,7,4,2,3,7,6,5,2,2,5,7,7,1,8,5,4,4,3,6,3,9,1,5,1,1,2,4,1,1,1,1,1,1
09/24/2024 16:56:08,,1,8,2,3,4,9,4,1,8,5,1,1,2,1,5,4,2,3,4,2,5,9,3,1,7,4,8,4,2,7,1,1,1,1,3,4,1,1,9,1,1,1
09/24/2024 07:41:15,,6,7,5,7,8,2,2,2,3,8,5,5,9,9,1,9,6,3,2,4,1,6,5,2,3,5,8,5,7,6,1,1,6,1,3,5,1,1,1,1,1,1
09/24/2024 16:46:56,,8,6,9,6,6,2,1,4,8,8,3,8,3,7,1,6,8,3,9,2,2,5,2,3,1,4,3,2,8,6,1,1,1,1,3,4,1,1,1,1,9,2
09/24/2024 07:25:56,,5,5,7,9,1,4,7,3,1,4,9,6,8,2,5,6,8,7,7,3,7,9,5,4,4,8,7,4,5,2,9,1,10,1,7,8,1,1,1,1,1,1
09/24/2024 00:10:20,,8,4,9,9,2,4,9,3,3,7,6,9,1,9,4,5,4,9,6,6,3,1,3,6,5,7,4,4,2,5,1,1,1,1,9,7,1,10,1,1,1,1
09/24/2024 05:10:07,,3,6,2,1,9,2,1,2,6,5,1,7,2,4,2,4,3,7,7,4,1,3,3,1,8,5,8,9,1,2,1,5,1,4,7,5,1,5,1,1,9,6
09/24/2024 23:47:23,,2,5,9,8,5,5,1,5,8,3,3,7,2,5,5,7,5,1,3,5,8,6,5,7,3,4,4,3,7,4,1,1,1,1,1,4,1,5,1,1,10,7
09/24/2024 04:43:22,,5,5,2,1,2,5,8,8,9,6,1,6,3,8,6,6,5,2,9,4,1,2,9,3,7,8,7,9,6,4,3,2,1,1,2,8,1,1,1,1,1,1
09/24/2024 06:38:28,,7,2,7,3,8,1,6,4,6,6,6,7,5,3,6,4,6,5,6,6,2,9,2,3,4,7,4,3,5,9,1,1,1,1,5,7,1,5,1,1,10,1
09/24/2024 02:54:49,,3,2,8,5,6,7,6,6,2,4,7,4,1,4,7,7,6,4,9,5,7,5,7,8,5,1,1,5,1,4,1,10,5,1,4,1,1,1,1,9,1,1
09/24/2024 12:51:48,,2,6,4,3,2,3,4,2,8,6,8,4,5,3,5,2,2,7,4,4,4,1,5,9,2,6,6,4,9,6,1,1,1,1,7,6,9,1,2,1,1,1
09/24/2024 07:20:49,,3,9,6,6,4,1,8,7,1,7,2,6,7,9,2,3,7,2,5,3,3,7,3,5,8,3,2,8,2,3,1,1,1,5,2,3,1,1,1,6,1,1
09/24/2024 06:42:28,,5,3,6,7,8,9,2,1,5,9,7,5,9,6,9,7,1,9,7,4,2,2,9,8,2,9,9,5,3,5,1,1,1,6,9,9,1,1,1,1,1,3
09/24/2024 13:43:26,,4,8,9,5,9,6,7,1,3,2,6,7,3,4,4,4,8,9,6,3,8,9,6,7,2,6,8,6,2,2,1,1,1,1,9,6,1,4,1,1,10,1
09/24/2024 11:56:11,,6,2,6,7,1,1,7,5,2,5,6,1,9,1,5,8,4,1,6,9,1,4,6,3,4,4,7,7,1,9,1,1,2,1,1,4,3,1,5,1,1,1
09/24/2024 06:32:56,,9,4,9,9,1,2,7,1,5,7,5,1,3,6,3,6,9,6,3,9,3,2,3,4,5,1,3,7,9,5,1,1,1,1,6,1,1,1,1,1,1,2
09/24/2024 07:47:11,,1,2,5,8,8,2,1,6,3,4,8,9,9,9,3,4,9,3,9,3,6,4,5,1,1,1,5,5,3,6,1,1,1,1,3,1,1,7,1,1,2,1
09/24/2024 19:11:14,,8,8,7,2,8,8,1,4,9,7,1,5,1,9,3,6,2,4,2,8,1,5,7,8,6,7,1,5,9,8,1,1,1,1,4,7,1,1,10,1,1,5
09/24/2024 21:07:54,,5,3,2,6,7,7,9,5,6,6,4,7,6,8,3,7,3,4,4,2,5,3,8,8,6,2,4,8,6,1,1,1,1,1,4,2,1,1,1,1,1,1
09/24/2024 06:39:22,,3,2,5,6,4,9,8,8,8,2,3,5,6,6,8,5,2,4,1,8,5,1,6,6,5,7,4,7,1,8,1,1,9,1,4,7,6,1,1,9,1,1
09/24/2024 01:39:59,,7,8,9,4,3,2,7,9,4,5,9,3,5,1,1,3,6,4,8,5,5,2,8,2,9,3,3,4,7,8,1,1,1,1,4,3,1,1,1,1,1,1
09/24/2024 05:36:09,,4,7,8,3,7,9,9,3,4,2,1,4,6,4,2,8,1,6,9,9,1,4,7,2,9,8,9,1,5,8,7,8,1,1,6,8,1,1,1,1,1,1
09/24/2024 08:58:03,,5,8,2,9,2,9,7,9,8,3,1,7,1,7,4,9,4,8,6,8,1,8,3,5,2,4,5,5,2,2,8,1,1,1,8,4,1,1,4,1,1,1
09/24/2024 04:40:21,,3,8,3,4,2,6,1,5,2,3,4,9,6,7,7,8,8,9,3,7,5,9,7,8,3,1,7,1,3,4,1,8,1,1,9,1,3,1,1,1,1,1
09/24/2024 15:54:21,,4,4,3,7,6,8,2,2,4,9,7,9,6,3,9,8,5,5,4,9,7,7,5,9,7,4,2,1,3,2,1,1,1,1,5,4,1,1,1,7,6,1
09/24/2024 12:11:34,,7,4,4,3,8,4,1,7,7,4,3,4,6,5,8,7,1,7,2,2,1,7,3,1,8,5,7,4,3,2,1,1,1,1,7,5,1,1,1,1,10,1
09/24/2024 02:19:58,,3,4,8,3,5,6,2,3,9,2,9,5,2,6,6,6,7,9,1,3,4,4,3,4,5,4,2,5,5,7,8,1,1,1,9,4,1,1,1,3,1,1
09/24/2024 20:54:19,,8,7,4,5,2,1,5,7,7,9,3,3,6,3,4,8,2,4,5,3,4,3,1,3,7,6,1,2,5,4,1,9,1,1,4,6,1,1,1,1,1,1
09/24/2024 01:30:04,,7,5,5,4,4,8,7,4,1,6,1,6,8,6,5,1,5,1,8,6,6,6,2,1,8,9,2,9,5,3,1,1,1,1,1,9,1,3,1,1,1,1
09/24/2024 16:56:26,,7,6,8,5,5,2,1,6,1,4,9,6,7,8,6,9,1,4,1,4,3,1,9,5,3,9,2,1,7,3,1,1,1,1,4,9,1,1,8,7,1,1
09/24/2024 17:20:32,,3,6,5,7,2,1,3,1,1,6,4,8,9,7,3,4,5,5,5,2,9,9,2,6,5,7,7,5,6,6,1,4,1,1,5,7,1,1,1,1,1,1
09/24/2024 11:03:21,,4,7,1,5,7,6,9,8,1,7,1,7,3,3,8,6,3,3,3,9,3,5,2,2,3,7,5,2,5,3,1,1,1,1,3,7,1,1,1,1,1,1
09/24/2024 11:33:10,,1,7,2,7,3,2,7,9,8,2,1,3,9,8,5,8,2,2,7,6,9,7,4,6,8,8,9,1,4,5,1,3,1,1,2,8,2,3,1,1,1,1
09/24/2024 06:03:40,,3,4,1,9,6,5,1,9,6,2,9,2,5,9,6,9,4,2,7,9,1,2,4,4,2,2,3,2,9,2,1,1,1,1,2,2,9,9,1,1,1,1
09/24/2024 05:00:40,,9,2,3,5,6,7,7,7,3,2,2,5,9,9,6,5,8,5,7,1,6,1,2,2,4,8,5,3,1,9,1,1,1,1,5,8,1,1,1,1,1,1
09/24/2024 15:39:09,,8,7,8,2,9,2,7,6,8,2,9,3,2,3,6,3,9,6,8,2,3,3,3,1,1,6,2,1,5,2,8,1,10,1,6,6,1,1,4,1,1,1
09/24/2024 08:57:44,,1,1,9,3,4,9,2,2,7,2,3,3,7,2,8,4,6,3,5,6,6,7,4,5,3,2,8,1,7,2,1,1,1,1,3,2,1,1,3,1,4,1
09/24/2024 11:40:06,,4,3,3,5,2,2,9,3,8,5,8,7,9,5,4,4,3,5,6,5,1,2,1,7,3,7,2,7,8,5,5,1,1,1,5,7,1,1,1,1,1,8
09/24/2024 07:18:29,,2,4,9,9,9,3,7,2,5,5,5,5,3,5,5,9,5,5,9,7,8,6,7,2,3,3,4,4,9,2,8,1,1,1,5,3,1,1,6,1,1,3
09/24/2024 14:30:09,,2,5,5,3,3,5,5,4,4,7,6,8,7,2,5,6,2,5,9,2,3,8,2,8,4,6,5,4,5,4,1,1,1,1,5,6,6,1,2,1,1,1
09/24/2024 12:52:13,,4,3,4,6,1,3,7,3,7,8,7,2,9,9,2,2,6,9,9,4,8,4,6,2,1,5,9,6,4,9,1,1,1,1,9,5,1,1,1,6,1,1
09/24/2024 13:20:45,,8,4,2,7,9,3,8,9,7,7,7,5,6,8,8,2,1,8,7,2,1,6,7,7,3,2,5,8,4,8,1,1,1,6,8,2,1,1,3,1,1,2
09/24/2024 04:39:01,,7,1,2,7,2,2,4,8,5,5,9,2,2,4,4,3,9,5,4,8,3,6,4,1,1,8,6,3,1,3,2,1,1,1,5,8,1,1,1,1,1,1
09/24/2024 18:59:54,,7,6,6,1,8,8,1,2,5,4,6,2,9,1,3,6,3,4,6,3,1,5,6,6,9,2,6,4,2,9,1,10,1,1,4,2,1,1,1,1,1,1
09/24/2024 00:54:27,,6,3,9,7,5,8,8,2,4,7,2,5,6,4,4,7,1,6,2,5,9,8,2,1,4,4,3,6,5,4,1,1,1,1,6,4,6,1,1,1,1,2
09/24/2024 09:56:35,,3,2,3,9,6,7,2,1,5,6,7,2,6,8,6,3,3,9,4,8,3,1,1,6,7,8,7,6,8,7,1,1,1,1,9,8,1,1,1,1,1,1
09/24/2024 20:25:34,,4,3,7,3,3,3,5,1,5,2,7,9,9,1,4,8,6,4,4,4,9,6,2,5,9,3,3,2,7,7,1,1,1,1,4,3,5,1,1,1,7,1
09/24/2024 04:00:48,,1,8,8,2,6,8,9,7,5,7,9,4,2,7,4,8,2,8,9,5,3,7,4,4,2,2,2,3,7,8,1,3,1,1,8,2,1,10,1,2,1,3
09/24/2024 22:09:19,,4,8,2,4,4,2,8,5,7,6,4,5,1,5,6,1,4,6,4,7,7,3,9,9,6,1,9,6,9,2,1,1,1,1,6,1,1,10,1,8,1,1
09/24/2024 10:24:29,,9,8,4,3,2,2,8,6,7,3,2,3,3,7,2,4,9,2,9,3,3,1,6,2,9,4,6,5,6,9,9,1,1,4,2,4,1,1,7,1,1,1
09/24/2024 23:54:27,,2,2,2,9,9,9,1,6,7,5,3,2,4,1,3,8,2,8,3,7,9,7,7,6,5,4,7,7,6,3,1,6,1,1,8,4,1,4,1,1,1,1
09/24/2024 16:02:40,,4,5,4,8,2,9,4,1,1,6,1,6,6,4,9,4,7,3,3,5,1,4,1,1,2,9,9,2,4,6,1,6,1,1,3,9,1,1,1,1,1,1
09/24/2024 20:53:18,,2,6,3,6,3,9,6,7,8,4,1,1,1,9,3,6,5,4,1,3,6,2,2,3,8,8,6,7,2,1,1,1,1,1,4,8,1,1,1,10,1,1
09/24/2024 17:22:41,,3,6,4,4,2,2,2,4,8,6,6,9,4,3,6,7,7,8,2,8,6,2,7,3,7,5,6,2,5,2,1,1,1,1,8,5,1,7,1,1,1,1
09/24/2024 23:29:12,,5,3,6,1,7,9,7,8,2,9,5,3,1,8,7,9,7,4,1,2,8,8,1,4,3,4,8,1,1,6,1,1,7,10,4,4,1,1,1,1,1,10
09/24/2024 21:25:04,,2,8,8,7,9,5,7,5,9,3,9,4,4,9,7,5,8,9,5,2,6,4,7,1,3,1,9,4,3,6,1,1,9,1,9,1,1,1,3,1,9,1
09/24/2024 11:23:44,,7,9,3,4,1,7,8,8,3,8,9,6,5,2,1,2,1,8,3,5,3,5,4,2,5,9,3,1,9,9,1,1,1,1,8,9,1,1,5,1,10,6
09/24/2024 07:22:51,,8,8,9,5,4,8,8,1,5,2,2,4,2,9,4,7,1,5,5,3,5,3,5,9,7,1,7,8,4,4,1,1,1,1,5,1,1,1,1,1,1,1
09/24/2024 22:31:51,,3,3,8,9,5,7,5,2,4,7,6,5,9,5,9,5,6,1,2,6,4,5,9,1,9,9,5,8,1,6,1,4,1,1,1,9,1,1,1,2,9,1
09/24/2024 20:19:12,,9,8,7,7,6,9,6,3,9,5,5,1,8,7,9,6,1,3,3,3,6,6,1,5,8,1,8,3,8,5,1,5,1,1,3,1,1,1,9,1,1,1
09/24/2024 07:12:54,,6,1,2,1,8,9,1,2,8,4,4,8,1,2,4,1,7,8,8,2,5,5,9,8,1,8,2,3,6,4,5,1,1,1,8,8,1,1,1,2,1,9
09/24/2024 09:05:27,,2,9,1,1,3,7,2,6,7,8,2,5,1,3,8,4,2,6,9,5,4,1,2,2,1,2,3,1,1,4,1,4,1,1,6,2,1,1,1,2,1,1
09/24/2024 04:58:14,,2,4,9,3,7,9,1,8,9,6,4,5,7,6,7,3,6,2,9,4,3,8,5,1,5,6,3,9,7,6,1,1,1,1,2,6,1,1,1,1,5,1
09/24/2024 00:05:03,,4,7,5,8,2,2,7,7,1,3,5,6,5,3,2,7,9,5,7,9,8,3,5,1,1,1,3,2,6,5,10,1,1,1,5,1,1,1,9,1,1,1
09/24/2024 21:59:28,,4,4,2,6,4,1,5,1,4,4,9,5,3,3,5,7,2,7,7,4,5,3,2,4,9,2,7,8,1,7,6,8,5,3,7,2,2,1,1,1,6,1
09/24/2024 04:50:26,,5,3,3,6,8,5,9,7,8,5,6,7,7,1,9,1,4,8,9,9,5,5,7,1,8,8,1,1,9,2,1,1,1,1,8,8,1,1,1,3,1,1
09/24/2024 22:54:32,,9,8,6,7,9,7,4,9,6,7,2,1,8,1,2,9,5,6,5,8,6,8,2,6,8,4,5,2,6,4,10,9,1,1,6,4,1,1,1,1,1,1
09/24/2024 06:56:39,,8,7,3,2,5,9,7,5,9,6,2,3,6,6,8,7,4,5,2,3,8,2,3,3,5,6,1,9,5,1,3,1,1,1,5,6,3,1,9,1,1,9
09/24/2024 16:43:54,,1,2,6,4,3,8,6,1,6,7,7,9,6,5,6,6,1,3,5,9,3,9,8,1,9,5,5,3,5,5,1,1,3,1,3,5,1,1,1,10,1,1
09/24/2024 06:14:49,,5,7,5,4,5,7,4,6,7,3,6,7,3,6,1,2,9,7,4,3,3,4,7,8,9,9,9,4,1,2,1,1,1,6,7,9,1,9,1,1,1,6
09/24/2024 22:45:46,,4,9,2,4,6,6,9,7,8,9,9,3,4,9,3,4,6,3,6,8,3,7,3,4,4,4,5,3,1,1,6,7,1,1,3,4,7,1,1,1,1,1
09/24/2024 00:00:13,,6,5,1,8,9,3,5,4,2,6,2,2,9,2,3,5,8,7,8,7,5,6,9,6,5,3,3,4,8,1,1,5,1,1,7,3,1,1,1,1,1,1
09/24/2024 20:23:45,,6,2,2,1,8,6,5,7,1,3,2,7,1,3,2,6,8,5,5,1,6,1,8,9,3,9,7,1,8,8,1,1,1,1,5,9,1,1,1,1,1,1
09/24/2024 22:55:21,,1,1,1,6,3,9,6,7,5,3,8,8,7,8,5,1,8,7,2,3,4,5,9,3,2,1,9,6,9,4,1,1,1,1,7,1,1,1,1,1,7,3
09/24/2024 21:19:09,,6,7,6,2,6,9,7,7,9,9,6,2,9,3,6,8,3,1,2,3,8,9,6,9,4,3,3,3,7,6,1,1,1,9,1,3,1,1,5,5,1,1
09/24/2024 08:37:31,,5,6,6,3,6,2,4,2,8,8,9,2,3,4,3,5,7,2,5,2,6,6,5,5,3,3,3,1,5,4,1,1,2,1,2,3,1,1,1,4,1,1
09/24/2024 03:45:46,,4,7,2,8,4,8,2,3,3,7,5,2,6,2,9,2,8,5,9,4,3,5,6,8,9,6,6,9,1,8,1,1,1,8,5,6,1,3,3,4,1,1
09/24/2024 14:28:40,,3,3,4,6,2,9,2,3,4,9,5,7,1,5,9,1,8,7,1,7,9,9,2,8,7,7,7,3,4,9,1,4,1,1,7,7,1,5,1,6,1,1
09/24/2024 04:40:58,,8,7,1,4,4,4,3,9,8,1,3,1,7,2,4,1,7,4,4,4,5,8,2,8,9,4,9,3,8,2,1,1,1,1,4,4,1,1,1,1,1,1
09/24/2024 03:38:02,,1,2,3,4,8,6,8,6,6,5,6,6,3,1,7,7,7,9,5,8,4,2,9,1,3,2,6,5,1,9,1,1,1,1,9,2,1,1,1,1,1,1
09/24/2024 17:24:38,,5,3,5,2,5,3,6,8,8,6,9,6,5,6,4,4,8,3,6,3,1,6,7,1,1,8,3,4,2,7,2,1,3,1,3,8,1,1,1,1,1,1
09/24/2024 07:16:16,,5,6,4,4,8,1,8,8,3,3,5,8,8,6,5,6,8,1,2,1,8,8,7,6,1,6,2,9,9,2,1,1,1,1,1,6,1,1,1,1,1,1
09/24/2024 09:55:47,,5,1,3,9,3,6,7,9,4,9,5,6,2,2,5,2,7,9,1,4,7,9,7,2,3,2,7,9,5,4,8,1,1,1,9,2,1,2,1,9,1,1
09/24/2024 09:58:52,,6,6,6,8,7,8,2,9,7,6,2,5,1,5,3,5,4,8,3,1,9,6,3,8,7,7,2,1,4,6,1,6,4,1,8,7,1,1,1,1,1,1
09/24/2024 03:07:29,,4,8,9,7,3,2,7,6,3,8,5,8,2,6,5,9,7,3,2,9,6,1,8,6,8,7,4,8,7,4,1,1,1,1,3,7,1,1,7,1,1,1
09/24/2024 11:36:34,,1,4,1,2,3,8,1,1,6,4,3,7,1,9,1,4,2,1,1,3,8,6,9,1,5,5,3,8,4,2,1,1,1,1,1,5,1,1,6,1,1,1
09/24/2024 05:01:05,,3,5,4,5,5,7,5,3,8,2,4,7,6,1,4,5,8,1,5,1,9,4,9,4,2,1,6,5,9,6,1,1,1,1,1,1,1,1,1,1,6,1
09/24/2024 21:28:52,,9,7,1,3,1,5,3,9,5,9,8,2,7,9,8,3,2,8,6,6,6,1,2,8,8,9,1,2,5,4,1,1,1,8,8,9,1,1,1,1,1,1
09/24/2024 16:39:25,,9,6,9,3,8,2,8,1,3,6,1,7,6,6,3,8,1,6,8,1,1,2,6,7,4,9,6,3,7,2,1,1,1,6,6,9,1,1,1,1,2,1
09/24/2024 08:12:08,,7,3,8,8,9,2,9,8,3,3,5,4,4,3,5,6,7,7,7,6,6,1,6,5,2,2,9,4,3,8,1,1,1,1,7,2,1,1,1,1,1,1
09/24/2024 17:56:20,,3,2,6,5,7,5,9,3,3,6,1,4,4,3,4,5,8,7,9,6,6,7,5,5,2,8,9,3,5,5,1,1,1,1,7,8,9,6,5,1,9,1
09/24/2024 16:35:21,,6,2,7,5,8,6,1,7,5,1,3,7,3,9,5,1,4,1,5,2,2,7,1,4,7,2,3,7,8,8,1,1,1,2,1,2,1,7,1,1,1,2
09/24/2024 10:49:05,,6,2,3,8,9,2,7,4,6,5,5,3,7,4,3,4,2,6,3,1,6,6,4,9,3,8,6,7,7,2,1,4,1,1,6,8,1,1,9,6,5,1
09/24/2024 05:30:46,,7,1,2,2,2,7,7,6,7,3,8,2,2,1,3,9,1,7,3,1,4,1,8,9,5,5,7,6,4,8,1,1,1,1,7,5,1,1,6,1,1,1
